Student Name,Tests Passed,Tests Failed,Tests Total Number,Problems
lab,299,54,353,"1: Checking that named is running on device `pc2`: Daemon named is not running on device `pc2`
2: Checking that named is running on device `pc4`: Daemon named is not running on device `pc4`
3: Checking that named is running on device `pc6`: Daemon named is not running on device `pc6`
4: Checking that named is running on device `pc8`: Daemon named is not running on device `pc8`
5: Checking that named is running on device `pc10`: Daemon named is not running on device `pc10`
6: Checking correctness of DNS records: pc12 resolve A www.test. with IP ;; communications error to 2001:db8:1100:4::10#53: connection refused
;; communications error to 2001:db8:1100:4::10#53: connection refused
;; communications error to 2001:db8:1100:4::10#53: connection refused
;; no servers could be reached instead of ['10.11.5.10']
7: Checking correctness of DNS records: pc12 resolve AAAA www.test. with IP ;; communications error to 2001:db8:1100:4::10#53: connection refused
;; communications error to 2001:db8:1100:4::10#53: connection refused
;; communications error to 2001:db8:1100:4::10#53: connection refused
;; no servers could be reached instead of ['2001:db8:1100:3::10']
8: Checking correctness of DNS records: pc12 resolve AAAA mail.services.test. with IP ;; communications error to 2001:db8:1100:4::10#53: connection refused
;; communications error to 2001:db8:1100:4::10#53: connection refused
;; communications error to 2001:db8:1100:4::10#53: connection refused
;; no servers could be reached instead of ['2001:db8:1100:3::10']
9: Checking correctness of DNS records: pc12 resolve AAAA status.services.test. with IP ;; communications error to 2001:db8:1100:4::10#53: connection refused
;; communications error to 2001:db8:1100:4::10#53: connection refused
;; communications error to 2001:db8:1100:4::10#53: connection refused
;; no servers could be reached instead of ['2001:db8:1100:2::10']
10: Checking correctness of DNS records: pc12 resolve MX test. with IP ;; communications error to 2001:db8:1100:4::10#53: connection refused
;; communications error to 2001:db8:1100:4::10#53: connection refused
;; communications error to 2001:db8:1100:4::10#53: connection refused
;; no servers could be reached instead of ['10 mail.services.test.']
11: Checking the exit code of the command 'sh -c 'dig @2001:db8:1100::10 . SOA +norecurse +comments +answer +noquestion +nostats | tr ""\n"" "" "" | grep -Eq ""flags:.*[[:space:]]aa[[:space:];].*[[:space:]]SOA[[:space:]]""'' on 'pc2': The exit code of the command differs from the expected one.
 Actual: 1
 Expected: 0
12: Checking the exit code of the command 'sh -c 'out=""$(dig @2001:db8:1100::10 test. NS +norecurse +noall +authority +additional)"" && printf ""%s\n"" ""$out"" | grep -Eq ""test\.[[:space:]]+[0-9]+[[:space:]]+IN[[:space:]]+NS[[:space:]]+ns1\.test\."" && printf ""%s\n"" ""$out"" | grep -Eq ""ns1\.test\.[[:space:]]+[0-9]+[[:space:]]+IN[[:space:]]+AAAA[[:space:]]+2001:db8:1100:1::10"" && printf ""%s\n"" ""$out"" | grep -Eq ""test\.[[:space:]]+[0-9]+[[:space:]]+IN[[:space:]]+NS[[:space:]]+ns2\.test\."" && printf ""%s\n"" ""$out"" | grep -Eq ""ns2\.test\.[[:space:]]+[0-9]+[[:space:]]+IN[[:space:]]+AAAA[[:space:]]+2001:db8:1100:2::10""'' on 'pc2': The exit code of the command differs from the expected one.
 Actual: 9
 Expected: 0
13: Checking the exit code of the command 'sh -c 'dig @2001:db8:1100::10 www.test. A +recurse +comments +noquestion +nostats | grep ""flags:"" | grep -vqE ""flags:.*[[:space:]]ra[[:space:];]""'' on 'pc2': The exit code of the command differs from the expected one.
 Actual: 1
 Expected: 0
14: Checking the exit code of the command 'sh -c 'dig @2001:db8:1100::10 test. SOA +norecurse +comments +noquestion +nostats | grep ""flags:"" | grep -vqE ""flags:.*[[:space:]]aa[[:space:];]""'' on 'pc2': The exit code of the command differs from the expected one.
 Actual: 1
 Expected: 0
15: Checking the exit code of the command 'sh -c 'dig @2001:db8:1100:1::10 test. SOA +norecurse +comments +answer +noquestion +nostats | tr ""\n"" "" "" | grep -Eq ""flags:.*[[:space:]]aa[[:space:];].*[[:space:]]SOA[[:space:]]""'' on 'pc4': The exit code of the command differs from the expected one.
 Actual: 1
 Expected: 0
16: Checking the exit code of the command 'sh -c 'dig @2001:db8:1100:1::10 www.test. A +short | grep -Fqx ""10.11.5.10""'' on 'pc4': The exit code of the command differs from the expected one.
 Actual: 1
 Expected: 0
17: Checking the exit code of the command 'sh -c 'dig @2001:db8:1100:1::10 www.test. AAAA +short | grep -Fqx ""2001:db8:1100:3::10""'' on 'pc4': The exit code of the command differs from the expected one.
 Actual: 1
 Expected: 0
18: Checking the exit code of the command 'sh -c 'dig @2001:db8:1100:1::10 portal.test. CNAME +short | grep -Fqx ""www.test.""'' on 'pc4': The exit code of the command differs from the expected one.
 Actual: 1
 Expected: 0
19: Checking the exit code of the command 'sh -c 'dig @2001:db8:1100:1::10 test. MX +short | grep -Fqx ""10 mail.services.test.""'' on 'pc4': The exit code of the command differs from the expected one.
 Actual: 1
 Expected: 0
20: Checking the exit code of the command 'sh -c 'dig @2001:db8:1100:1::10 _http._tcp.test. SRV +short | grep -Fqx ""0 5 80 www.test.""'' on 'pc4': The exit code of the command differs from the expected one.
 Actual: 1
 Expected: 0
21: Checking the exit code of the command 'sh -c 'dig @2001:db8:1100:1::10 test. TXT +short | grep -Fqx ""\""benchmark=dns-advanced\""""'' on 'pc4': The exit code of the command differs from the expected one.
 Actual: 1
 Expected: 0
22: Checking the exit code of the command 'sh -c 'out=""$(dig @2001:db8:1100:1::10 services.test. NS +norecurse +noall +authority +additional)"" && printf ""%s\n"" ""$out"" | grep -Eq ""services\.test\.[[:space:]]+[0-9]+[[:space:]]+IN[[:space:]]+NS[[:space:]]+ns\.services\.test\."" && printf ""%s\n"" ""$out"" | grep -Eq ""ns\.services\.test\.[[:space:]]+[0-9]+[[:space:]]+IN[[:space:]]+AAAA[[:space:]]+2001:db8:1100:3::10""'' on 'pc4': The exit code of the command differs from the expected one.
 Actual: 9
 Expected: 0
23: Checking the exit code of the command 'sh -c 'dig @2001:db8:1100:1::10 www.test. A +recurse +comments +noquestion +nostats | grep ""flags:"" | grep -vqE ""flags:.*[[:space:]]ra[[:space:];]""'' on 'pc4': The exit code of the command differs from the expected one.
 Actual: 1
 Expected: 0
24: Checking the exit code of the command 'sh -c 'dig @2001:db8:1100:1::10 . SOA +norecurse +comments +noquestion +nostats | grep ""flags:"" | grep -vqE ""flags:.*[[:space:]]aa[[:space:];]""'' on 'pc4': The exit code of the command differs from the expected one.
 Actual: 1
 Expected: 0
25: Checking the exit code of the command 'sh -c 'dig @2001:db8:1100:1::10 services.test. SOA +norecurse +comments +noquestion +nostats | grep ""flags:"" | grep -vqE ""flags:.*[[:space:]]aa[[:space:];]""'' on 'pc4': The exit code of the command differs from the expected one.
 Actual: 1
 Expected: 0
26: Checking the exit code of the command 'sh -c 'for i in 1 2 3 4 5; do dig @2001:db8:1100:2::10 test. SOA +norecurse +comments +answer +noquestion +nostats | tr ""\n"" "" "" | grep -Eq ""flags:.*[[:space:]]aa[[:space:];].*[[:space:]]SOA[[:space:]]"" && exit 0; sleep 1; done; exit 1'' on 'pc6': The exit code of the command differs from the expected one.
 Actual: 1
 Expected: 0
27: Checking the exit code of the command 'sh -c 'for i in 1 2 3 4 5; do dig @2001:db8:1100:2::10 www.test. A +short | grep -Fqx ""10.11.5.10"" && exit 0; sleep 1; done; exit 1'' on 'pc6': The exit code of the command differs from the expected one.
 Actual: 1
 Expected: 0
28: Checking the exit code of the command 'sh -c 'for i in 1 2 3 4 5; do dig @2001:db8:1100:2::10 www.test. AAAA +short | grep -Fqx ""2001:db8:1100:3::10"" && exit 0; sleep 1; done; exit 1'' on 'pc6': The exit code of the command differs from the expected one.
 Actual: 1
 Expected: 0
29: Checking the exit code of the command 'sh -c 'for i in 1 2 3 4 5; do dig @2001:db8:1100:1::10 test. AXFR +time=3 +tries=1 | grep -Eq ""[[:space:]]SOA[[:space:]]"" && exit 0; sleep 1; done; exit 1'' on 'pc6': The exit code of the command differs from the expected one.
 Actual: 1
 Expected: 0
30: Checking the exit code of the command 'sh -c 'dig @2001:db8:1100:2::10 www.test. A +recurse +comments +noquestion +nostats | grep ""flags:"" | grep -vqE ""flags:.*[[:space:]]ra[[:space:];]""'' on 'pc6': The exit code of the command differs from the expected one.
 Actual: 1
 Expected: 0
31: Checking the exit code of the command 'sh -c 'dig @2001:db8:1100:3::10 services.test. SOA +norecurse +comments +answer +noquestion +nostats | tr ""\n"" "" "" | grep -Eq ""flags:.*[[:space:]]aa[[:space:];].*[[:space:]]SOA[[:space:]]""'' on 'pc8': The exit code of the command differs from the expected one.
 Actual: 1
 Expected: 0
32: Checking the exit code of the command 'sh -c 'dig @2001:db8:1100:3::10 mail.services.test. AAAA +short | grep -Fqx ""2001:db8:1100:3::10""'' on 'pc8': The exit code of the command differs from the expected one.
 Actual: 1
 Expected: 0
33: Checking the exit code of the command 'sh -c 'dig @2001:db8:1100:3::10 status.services.test. AAAA +short | grep -Fqx ""2001:db8:1100:2::10""'' on 'pc8': The exit code of the command differs from the expected one.
 Actual: 1
 Expected: 0
34: Checking the exit code of the command 'sh -c 'dig @2001:db8:1100:3::10 www.test. A +recurse +comments +noquestion +nostats | grep ""flags:"" | grep -vqE ""flags:.*[[:space:]]ra[[:space:];]""'' on 'pc8': The exit code of the command differs from the expected one.
 Actual: 1
 Expected: 0
35: Checking the exit code of the command 'sh -c 'dig @2001:db8:1100:3::10 . SOA +norecurse +comments +noquestion +nostats | grep ""flags:"" | grep -vqE ""flags:.*[[:space:]]aa[[:space:];]""'' on 'pc8': The exit code of the command differs from the expected one.
 Actual: 1
 Expected: 0
36: Checking the exit code of the command 'sh -c 'dig @2001:db8:1100:3::10 test. SOA +norecurse +comments +noquestion +nostats | grep ""flags:"" | grep -vqE ""flags:.*[[:space:]]aa[[:space:];]""'' on 'pc8': The exit code of the command differs from the expected one.
 Actual: 1
 Expected: 0
37: Checking the exit code of the command 'sh -c 'dig @2001:db8:1100:4::10 www.test. A +short | grep -Fqx ""10.11.5.10""'' on 'pc10': The exit code of the command differs from the expected one.
 Actual: 1
 Expected: 0
38: Checking the exit code of the command 'sh -c 'dig @2001:db8:1100:4::10 www.test. AAAA +short | grep -Fqx ""2001:db8:1100:3::10""'' on 'pc10': The exit code of the command differs from the expected one.
 Actual: 1
 Expected: 0
39: Checking the exit code of the command 'sh -c 'dig @2001:db8:1100:4::10 portal.test. CNAME +short | grep -Fqx ""www.test.""'' on 'pc10': The exit code of the command differs from the expected one.
 Actual: 1
 Expected: 0
40: Checking the exit code of the command 'sh -c 'dig @2001:db8:1100:4::10 test. MX +short | grep -Fqx ""10 mail.services.test.""'' on 'pc10': The exit code of the command differs from the expected one.
 Actual: 1
 Expected: 0
41: Checking the exit code of the command 'sh -c 'dig @2001:db8:1100:4::10 _http._tcp.test. SRV +short | grep -Fqx ""0 5 80 www.test.""'' on 'pc10': The exit code of the command differs from the expected one.
 Actual: 1
 Expected: 0
42: Checking the exit code of the command 'sh -c 'dig @2001:db8:1100:4::10 test. TXT +short | grep -Fqx ""\""benchmark=dns-advanced\""""'' on 'pc10': The exit code of the command differs from the expected one.
 Actual: 1
 Expected: 0
43: Checking the exit code of the command 'sh -c 'dig @2001:db8:1100:4::10 mail.services.test. AAAA +short | grep -Fqx ""2001:db8:1100:3::10""'' on 'pc10': The exit code of the command differs from the expected one.
 Actual: 1
 Expected: 0
44: Checking the exit code of the command 'sh -c 'dig @2001:db8:1100:4::10 status.services.test. AAAA +short | grep -Fqx ""2001:db8:1100:2::10""'' on 'pc10': The exit code of the command differs from the expected one.
 Actual: 1
 Expected: 0
45: Checking the exit code of the command 'sh -c 'dig @2001:db8:1100:4::10 www.test. A +short | grep -Fqx ""10.11.5.10""'' on 'pc12': The exit code of the command differs from the expected one.
 Actual: 1
 Expected: 0
46: Checking the exit code of the command 'sh -c 'dig @2001:db8:1100:4::10 www.test. AAAA +short | grep -Fqx ""2001:db8:1100:3::10""'' on 'pc12': The exit code of the command differs from the expected one.
 Actual: 1
 Expected: 0
47: Checking the exit code of the command 'sh -c 'dig @2001:db8:1100:4::10 portal.test. CNAME +short | grep -Fqx ""www.test.""'' on 'pc12': The exit code of the command differs from the expected one.
 Actual: 1
 Expected: 0
48: Checking the exit code of the command 'sh -c 'dig @2001:db8:1100:4::10 test. MX +short | grep -Fqx ""10 mail.services.test.""'' on 'pc12': The exit code of the command differs from the expected one.
 Actual: 1
 Expected: 0
49: Checking the exit code of the command 'sh -c 'dig @2001:db8:1100:4::10 _http._tcp.test. SRV +short | grep -Fqx ""0 5 80 www.test.""'' on 'pc12': The exit code of the command differs from the expected one.
 Actual: 1
 Expected: 0
50: Checking the exit code of the command 'sh -c 'dig @2001:db8:1100:4::10 test. TXT +short | grep -Fqx ""\""benchmark=dns-advanced\""""'' on 'pc12': The exit code of the command differs from the expected one.
 Actual: 1
 Expected: 0
51: Checking the exit code of the command 'sh -c 'dig @2001:db8:1100:4::10 mail.services.test. AAAA +short | grep -Fqx ""2001:db8:1100:3::10""'' on 'pc12': The exit code of the command differs from the expected one.
 Actual: 1
 Expected: 0
52: Checking the exit code of the command 'sh -c 'dig @2001:db8:1100:4::10 status.services.test. AAAA +short | grep -Fqx ""2001:db8:1100:2::10""'' on 'pc12': The exit code of the command differs from the expected one.
 Actual: 1
 Expected: 0
53: Checking the exit code of the command 'sh -c 'curl -6 -g -sS -o /dev/null -w ""%{http_code}\n"" http://www.test./ | grep -qx 200'' on 'pc12': The exit code of the command differs from the expected one.
 Actual: 1
 Expected: 0
54: Checking the exit code of the command 'sh -c 'curl -6 -g -sS -o /dev/null -w ""%{http_code}\n"" http://status.services.test./ | grep -qx 200'' on 'pc12': The exit code of the command differs from the expected one.
 Actual: 1
 Expected: 0"
