Test Description,Passed,Reason
Checking that apache2 is running on device `pc6`,False,Daemon apache2 is not running on device `pc6`
Checking that apache2 is running on device `pc8`,False,Daemon apache2 is not running on device `pc8`
Checking that apache2 is running on device `pc11`,False,Daemon apache2 is not running on device `pc11`
Checking correctness of DNS records,False,pc12 resolve A www.test. with IP  instead of ['10.11.5.10']
Checking correctness of DNS records,False,pc12 resolve AAAA status.services.test. with IP 2001:db8:1100:3::10 instead of ['2001:db8:1100:2::10']
HTTP check 'http://10.11.5.10/' on pc11 status,False,"Expected HTTP 200, got 0"
HTTP check 'http://[2001:db8:1100:3::10]/' on pc8 status,False,"Expected HTTP 200, got 0"
HTTP check 'http://[2001:db8:1100:2::10]/' on pc6 status,False,"Expected HTTP 200, got 0"
"Checking the exit code of the command 'sh -c 'dig @2001:db8:1100:1::10 www.test. A +short | grep -Fqx ""10.11.5.10""'' on 'pc4'",False,"The exit code of the command differs from the expected one.
 Actual: 1
 Expected: 0"
"Checking the exit code of the command 'sh -c 'dig @2001:db8:1100:1::10 portal.test. CNAME +short | grep -Fqx ""www.test.""'' on 'pc4'",False,"The exit code of the command differs from the expected one.
 Actual: 1
 Expected: 0"
"Checking the exit code of the command 'sh -c 'dig @2001:db8:1100:1::10 _http._tcp.test. SRV +short | grep -Fqx ""0 5 80 www.test.""'' on 'pc4'",False,"The exit code of the command differs from the expected one.
 Actual: 1
 Expected: 0"
"Checking the exit code of the command 'sh -c 'dig @2001:db8:1100:1::10 test. TXT +short | grep -Fqx ""\""benchmark=dns-advanced\""""'' on 'pc4'",False,"The exit code of the command differs from the expected one.
 Actual: 1
 Expected: 0"
"Checking the exit code of the command 'sh -c 'for i in 1 2 3 4 5; do dig @2001:db8:1100:2::10 www.test. A +short | grep -Fqx ""10.11.5.10"" && exit 0; sleep 1; done; exit 1'' on 'pc6'",False,"The exit code of the command differs from the expected one.
 Actual: 1
 Expected: 0"
"Checking the exit code of the command 'sh -c 'dig @2001:db8:1100:3::10 status.services.test. AAAA +short | grep -Fqx ""2001:db8:1100:2::10""'' on 'pc8'",False,"The exit code of the command differs from the expected one.
 Actual: 1
 Expected: 0"
"Checking the exit code of the command 'sh -c 'dig @2001:db8:1100:4::10 www.test. A +short | grep -Fqx ""10.11.5.10""'' on 'pc10'",False,"The exit code of the command differs from the expected one.
 Actual: 1
 Expected: 0"
"Checking the exit code of the command 'sh -c 'dig @2001:db8:1100:4::10 portal.test. CNAME +short | grep -Fqx ""www.test.""'' on 'pc10'",False,"The exit code of the command differs from the expected one.
 Actual: 1
 Expected: 0"
"Checking the exit code of the command 'sh -c 'dig @2001:db8:1100:4::10 _http._tcp.test. SRV +short | grep -Fqx ""0 5 80 www.test.""'' on 'pc10'",False,"The exit code of the command differs from the expected one.
 Actual: 1
 Expected: 0"
"Checking the exit code of the command 'sh -c 'dig @2001:db8:1100:4::10 test. TXT +short | grep -Fqx ""\""benchmark=dns-advanced\""""'' on 'pc10'",False,"The exit code of the command differs from the expected one.
 Actual: 1
 Expected: 0"
"Checking the exit code of the command 'sh -c 'dig @2001:db8:1100:4::10 status.services.test. AAAA +short | grep -Fqx ""2001:db8:1100:2::10""'' on 'pc10'",False,"The exit code of the command differs from the expected one.
 Actual: 1
 Expected: 0"
"Checking the exit code of the command 'sh -c 'dig @2001:db8:1100:4::10 www.test. A +short | grep -Fqx ""10.11.5.10""'' on 'pc12'",False,"The exit code of the command differs from the expected one.
 Actual: 1
 Expected: 0"
"Checking the exit code of the command 'sh -c 'dig @2001:db8:1100:4::10 portal.test. CNAME +short | grep -Fqx ""www.test.""'' on 'pc12'",False,"The exit code of the command differs from the expected one.
 Actual: 1
 Expected: 0"
"Checking the exit code of the command 'sh -c 'dig @2001:db8:1100:4::10 _http._tcp.test. SRV +short | grep -Fqx ""0 5 80 www.test.""'' on 'pc12'",False,"The exit code of the command differs from the expected one.
 Actual: 1
 Expected: 0"
"Checking the exit code of the command 'sh -c 'dig @2001:db8:1100:4::10 test. TXT +short | grep -Fqx ""\""benchmark=dns-advanced\""""'' on 'pc12'",False,"The exit code of the command differs from the expected one.
 Actual: 1
 Expected: 0"
"Checking the exit code of the command 'sh -c 'dig @2001:db8:1100:4::10 status.services.test. AAAA +short | grep -Fqx ""2001:db8:1100:2::10""'' on 'pc12'",False,"The exit code of the command differs from the expected one.
 Actual: 1
 Expected: 0"
"Checking the exit code of the command 'sh -c 'curl -6 -g -sS -o /dev/null -w ""%{http_code}\n"" http://www.test./ | grep -qx 200'' on 'pc12'",False,"The exit code of the command differs from the expected one.
 Actual: 1
 Expected: 0"
"Checking the exit code of the command 'sh -c 'curl -6 -g -sS -o /dev/null -w ""%{http_code}\n"" http://status.services.test./ | grep -qx 200'' on 'pc12'",False,"The exit code of the command differs from the expected one.
 Actual: 1
 Expected: 0"
